What is your gender?,How old are you?,How many years of experience do you have creating GUI prototypes?,How many years of experience do you have in evaluating GUI prototypes?,377/Correctness of the prototype and its features/instruction.html,377/Correctness of the prototype and its features/pd_zs.html,377/Correctness of the prototype and its features/CoT_fs.html,377/Correctness of the prototype and its features/CoT_zs.html,377/Correctness of the prototype and its features/pd_fs.html,377/Quantity of the features shown/instruction.html,377/Quantity of the features shown/pd_zs.html,377/Quantity of the features shown/CoT_fs.html,377/Quantity of the features shown/CoT_zs.html,377/Quantity of the features shown/pd_fs.html,377/design/instruction.html,377/design/pd_zs.html,377/design/CoT_fs.html,377/design/CoT_zs.html,377/design/pd_fs.html,491/Correctness of the prototype and its features/CoT_fs.html,491/Correctness of the prototype and its features/pd_fs.html,491/Correctness of the prototype and its features/pd_zs.html,491/Correctness of the prototype and its features/instruction.html,491/Correctness of the prototype and its features/CoT_zs.html,491/Quantity of the features shown/CoT_fs.html,491/Quantity of the features shown/pd_fs.html,491/Quantity of the features shown/pd_zs.html,491/Quantity of the features shown/instruction.html,491/Quantity of the features shown/CoT_zs.html,491/design/CoT_fs.html,491/design/pd_fs.html,491/design/pd_zs.html,491/design/instruction.html,491/design/CoT_zs.html,494/Correctness of the prototype and its features/instruction.html,494/Correctness of the prototype and its features/pd_zs.html,494/Correctness of the prototype and its features/pd_fs.html,494/Correctness of the prototype and its features/CoT_zs.html,494/Correctness of the prototype and its features/CoT_fs.html,494/Quantity of the features shown/instruction.html,494/Quantity of the features shown/pd_zs.html,494/Quantity of the features shown/pd_fs.html,494/Quantity of the features shown/CoT_zs.html,494/Quantity of the features shown/CoT_fs.html,494/design/instruction.html,494/design/pd_zs.html,494/design/pd_fs.html,494/design/CoT_zs.html,494/design/CoT_fs.html,1264/Correctness of the prototype and its features/CoT_fs.html,1264/Correctness of the prototype and its features/CoT_zs.html,1264/Correctness of the prototype and its features/instruction.html,1264/Correctness of the prototype and its features/pd_zs.html,1264/Correctness of the prototype and its features/pd_fs.html,1264/Quantity of the features shown/CoT_fs.html,1264/Quantity of the features shown/CoT_zs.html,1264/Quantity of the features shown/instruction.html,1264/Quantity of the features shown/pd_zs.html,1264/Quantity of the features shown/pd_fs.html,1264/design/CoT_fs.html,1264/design/CoT_zs.html,1264/design/instruction.html,1264/design/pd_zs.html,1264/design/pd_fs.html,3261/Correctness of the prototype and its features/CoT_fs.html,3261/Correctness of the prototype and its features/instruction.html,3261/Correctness of the prototype and its features/CoT_zs.html,3261/Correctness of the prototype and its features/pd_zs.html,3261/Correctness of the prototype and its features/pd_fs.html,AttentionCheck1,3261/Quantity of the features shown/CoT_fs.html,3261/Quantity of the features shown/instruction.html,3261/Quantity of the features shown/CoT_zs.html,3261/Quantity of the features shown/pd_zs.html,3261/Quantity of the features shown/pd_fs.html,3261/design/CoT_fs.html,3261/design/instruction.html,3261/design/CoT_zs.html,3261/design/pd_zs.html,3261/design/pd_fs.html,3513/Correctness of the prototype and its features/instruction.html,3513/Correctness of the prototype and its features/pd_fs.html,3513/Correctness of the prototype and its features/CoT_fs.html,3513/Correctness of the prototype and its features/CoT_zs.html,3513/Correctness of the prototype and its features/pd_zs.html,3513/Quantity of the features shown/instruction.html,3513/Quantity of the features shown/pd_fs.html,3513/Quantity of the features shown/CoT_fs.html,3513/Quantity of the features shown/CoT_zs.html,3513/Quantity of the features shown/pd_zs.html,3513/design/instruction.html,3513/design/pd_fs.html,3513/design/CoT_fs.html,3513/design/CoT_zs.html,3513/design/pd_zs.html,5983/Correctness of the prototype and its features/pd_zs.html,5983/Correctness of the prototype and its features/CoT_zs.html,5983/Correctness of the prototype and its features/pd_fs.html,5983/Correctness of the prototype and its features/instruction.html,5983/Correctness of the prototype and its features/CoT_fs.html,5983/Quantity of the features shown/pd_zs.html,5983/Quantity of the features shown/CoT_zs.html,5983/Quantity of the features shown/pd_fs.html,5983/Quantity of the features shown/instruction.html,5983/Quantity of the features shown/CoT_fs.html,5983/design/pd_zs.html,5983/design/CoT_zs.html,5983/design/pd_fs.html,5983/design/instruction.html,5983/design/CoT_fs.html,7757/Correctness of the prototype and its features/CoT_zs.html,7757/Correctness of the prototype and its features/CoT_fs.html,7757/Correctness of the prototype and its features/pd_fs.html,7757/Correctness of the prototype and its features/instruction.html,7757/Correctness of the prototype and its features/pd_zs.html,7757/Quantity of the features shown/CoT_zs.html,7757/Quantity of the features shown/CoT_fs.html,7757/Quantity of the features shown/pd_fs.html,7757/Quantity of the features shown/instruction.html,7757/Quantity of the features shown/pd_zs.html,7757/design/CoT_zs.html,7757/design/CoT_fs.html,7757/design/pd_fs.html,7757/design/instruction.html,7757/design/pd_zs.html,15711/Correctness of the prototype and its features/pd_fs.html,15711/Correctness of the prototype and its features/instruction.html,15711/Correctness of the prototype and its features/CoT_fs.html,15711/Correctness of the prototype and its features/CoT_zs.html,15711/Correctness of the prototype and its features/pd_zs.html,15711/Quantity of the features shown/pd_fs.html,15711/Quantity of the features shown/instruction.html,15711/Quantity of the features shown/CoT_fs.html,15711/Quantity of the features shown/CoT_zs.html,15711/Quantity of the features shown/pd_zs.html,15711/design/pd_fs.html,15711/design/instruction.html,15711/design/CoT_fs.html,15711/design/CoT_zs.html,15711/design/pd_zs.html,17084/Correctness of the prototype and its features/CoT_fs.html,17084/Correctness of the prototype and its features/pd_zs.html,17084/Correctness of the prototype and its features/pd_fs.html,17084/Correctness of the prototype and its features/CoT_zs.html,17084/Correctness of the prototype and its features/instruction.html,17084/Quantity of the features shown/CoT_fs.html,17084/Quantity of the features shown/pd_zs.html,17084/Quantity of the features shown/pd_fs.html,17084/Quantity of the features shown/CoT_zs.html,17084/Quantity of the features shown/instruction.html,17084/design/CoT_fs.html,17084/design/pd_zs.html,17084/design/pd_fs.html,17084/design/CoT_zs.html,17084/design/instruction.html,18107/Correctness of the prototype and its features/CoT_zs.html,18107/Correctness of the prototype and its features/instruction.html,18107/Correctness of the prototype and its features/CoT_fs.html,18107/Correctness of the prototype and its features/pd_zs.html,18107/Correctness of the prototype and its features/pd_fs.html,18107/Quantity of the features shown/CoT_zs.html,18107/Quantity of the features shown/instruction.html,18107/Quantity of the features shown/CoT_fs.html,18107/Quantity of the features shown/pd_zs.html,18107/Quantity of the features shown/pd_fs.html,18107/design/CoT_zs.html,18107/design/instruction.html,18107/design/CoT_fs.html,18107/design/pd_zs.html,18107/design/pd_fs.html,AttentionCheck2,19344/Correctness of the prototype and its features/pd_zs.html,19344/Correctness of the prototype and its features/instruction.html,19344/Correctness of the prototype and its features/CoT_fs.html,19344/Correctness of the prototype and its features/CoT_zs.html,19344/Correctness of the prototype and its features/pd_fs.html,19344/Quantity of the features shown/pd_zs.html,19344/Quantity of the features shown/instruction.html,19344/Quantity of the features shown/CoT_fs.html,19344/Quantity of the features shown/CoT_zs.html,19344/Quantity of the features shown/pd_fs.html,19344/design/pd_zs.html,19344/design/instruction.html,19344/design/CoT_fs.html,19344/design/CoT_zs.html,19344/design/pd_fs.html,20163/Correctness of the prototype and its features/pd_zs.html,20163/Correctness of the prototype and its features/CoT_fs.html,20163/Correctness of the prototype and its features/CoT_zs.html,20163/Correctness of the prototype and its features/pd_fs.html,20163/Correctness of the prototype and its features/instruction.html,20163/Quantity of the features shown/pd_zs.html,20163/Quantity of the features shown/CoT_fs.html,20163/Quantity of the features shown/CoT_zs.html,20163/Quantity of the features shown/pd_fs.html,20163/Quantity of the features shown/instruction.html,20163/design/pd_zs.html,20163/design/CoT_fs.html,20163/design/CoT_zs.html,20163/design/pd_fs.html,20163/design/instruction.html,27546/Correctness of the prototype and its features/pd_zs.html,27546/Correctness of the prototype and its features/CoT_fs.html,27546/Correctness of the prototype and its features/pd_fs.html,27546/Correctness of the prototype and its features/instruction.html,27546/Correctness of the prototype and its features/CoT_zs.html,27546/Quantity of the features shown/pd_zs.html,27546/Quantity of the features shown/CoT_fs.html,27546/Quantity of the features shown/pd_fs.html,27546/Quantity of the features shown/instruction.html,27546/Quantity of the features shown/CoT_zs.html,27546/design/pd_zs.html,27546/design/CoT_fs.html,27546/design/pd_fs.html,27546/design/instruction.html,27546/design/CoT_zs.html,AttentionCheck3,30740/Correctness of the prototype and its features/CoT_zs.html,30740/Correctness of the prototype and its features/CoT_fs.html,30740/Correctness of the prototype and its features/pd_zs.html,30740/Correctness of the prototype and its features/pd_fs.html,30740/Correctness of the prototype and its features/instruction.html,30740/Quantity of the features shown/CoT_zs.html,30740/Quantity of the features shown/CoT_fs.html,30740/Quantity of the features shown/pd_zs.html,30740/Quantity of the features shown/pd_fs.html,30740/Quantity of the features shown/instruction.html,30740/design/CoT_zs.html,30740/design/CoT_fs.html,30740/design/pd_zs.html,30740/design/pd_fs.html,30740/design/instruction.html,33576/Correctness of the prototype and its features/pd_zs.html,33576/Correctness of the prototype and its features/pd_fs.html,33576/Correctness of the prototype and its features/instruction.html,33576/Correctness of the prototype and its features/CoT_zs.html,33576/Correctness of the prototype and its features/CoT_fs.html,33576/Quantity of the features shown/pd_zs.html,33576/Quantity of the features shown/pd_fs.html,33576/Quantity of the features shown/instruction.html,33576/Quantity of the features shown/CoT_zs.html,33576/Quantity of the features shown/CoT_fs.html,33576/design/pd_zs.html,33576/design/pd_fs.html,33576/design/instruction.html,33576/design/CoT_zs.html,33576/design/CoT_fs.html,34444/Correctness of the prototype and its features/pd_zs.html,34444/Correctness of the prototype and its features/CoT_fs.html,34444/Correctness of the prototype and its features/instruction.html,34444/Correctness of the prototype and its features/pd_fs.html,34444/Correctness of the prototype and its features/CoT_zs.html,34444/Quantity of the features shown/pd_zs.html,34444/Quantity of the features shown/CoT_fs.html,34444/Quantity of the features shown/instruction.html,34444/Quantity of the features shown/pd_fs.html,34444/Quantity of the features shown/CoT_zs.html,34444/design/pd_zs.html,34444/design/CoT_fs.html,34444/design/instruction.html,34444/design/pd_fs.html,34444/design/CoT_zs.html,34676/Correctness of the prototype and its features/pd_zs.html,34676/Correctness of the prototype and its features/CoT_fs.html,34676/Correctness of the prototype and its features/CoT_zs.html,34676/Correctness of the prototype and its features/pd_fs.html,34676/Correctness of the prototype and its features/instruction.html,34676/Quantity of the features shown/pd_zs.html,34676/Quantity of the features shown/CoT_fs.html,34676/Quantity of the features shown/CoT_zs.html,34676/Quantity of the features shown/pd_fs.html,34676/Quantity of the features shown/instruction.html,34676/design/pd_zs.html,34676/design/CoT_fs.html,34676/design/CoT_zs.html,34676/design/pd_fs.html,34676/design/instruction.html,38460/Correctness of the prototype and its features/pd_zs.html,38460/Correctness of the prototype and its features/instruction.html,38460/Correctness of the prototype and its features/CoT_fs.html,38460/Correctness of the prototype and its features/CoT_zs.html,38460/Correctness of the prototype and its features/pd_fs.html,38460/Quantity of the features shown/pd_zs.html,38460/Quantity of the features shown/instruction.html,38460/Quantity of the features shown/CoT_fs.html,38460/Quantity of the features shown/CoT_zs.html,38460/Quantity of the features shown/pd_fs.html,38460/design/pd_zs.html,38460/design/instruction.html,38460/design/CoT_fs.html,38460/design/CoT_zs.html,38460/design/pd_fs.html,38961/Correctness of the prototype and its features/pd_zs.html,38961/Correctness of the prototype and its features/instruction.html,38961/Correctness of the prototype and its features/pd_fs.html,38961/Correctness of the prototype and its features/CoT_fs.html,38961/Correctness of the prototype and its features/CoT_zs.html,38961/Quantity of the features shown/pd_zs.html,38961/Quantity of the features shown/instruction.html,38961/Quantity of the features shown/pd_fs.html,38961/Quantity of the features shown/CoT_fs.html,38961/Quantity of the features shown/CoT_zs.html,38961/design/pd_zs.html,38961/design/instruction.html,38961/design/pd_fs.html,38961/design/CoT_fs.html,38961/design/CoT_zs.html,39054/Correctness of the prototype and its features/CoT_zs.html,39054/Correctness of the prototype and its features/pd_zs.html,39054/Correctness of the prototype and its features/instruction.html,39054/Correctness of the prototype and its features/CoT_fs.html,39054/Correctness of the prototype and its features/pd_fs.html,39054/Quantity of the features shown/CoT_zs.html,39054/Quantity of the features shown/pd_zs.html,39054/Quantity of the features shown/instruction.html,39054/Quantity of the features shown/CoT_fs.html,39054/Quantity of the features shown/pd_fs.html,39054/design/CoT_zs.html,39054/design/pd_zs.html,39054/design/instruction.html,39054/design/CoT_fs.html,39054/design/pd_fs.html,42444/Correctness of the prototype and its features/pd_zs.html,42444/Correctness of the prototype and its features/pd_fs.html,42444/Correctness of the prototype and its features/CoT_fs.html,42444/Correctness of the prototype and its features/instruction.html,42444/Correctness of the prototype and its features/CoT_zs.html,42444/Quantity of the features shown/pd_zs.html,42444/Quantity of the features shown/pd_fs.html,42444/Quantity of the features shown/CoT_fs.html,42444/Quantity of the features shown/instruction.html,42444/Quantity of the features shown/CoT_zs.html,42444/design/pd_zs.html,42444/design/pd_fs.html,42444/design/CoT_fs.html,42444/design/instruction.html,42444/design/CoT_zs.html,43802/Correctness of the prototype and its features/pd_fs.html,43802/Correctness of the prototype and its features/instruction.html,43802/Correctness of the prototype and its features/pd_zs.html,43802/Correctness of the prototype and its features/CoT_zs.html,43802/Correctness of the prototype and its features/CoT_fs.html,43802/Quantity of the features shown/pd_fs.html,43802/Quantity of the features shown/instruction.html,43802/Quantity of the features shown/pd_zs.html,43802/Quantity of the features shown/CoT_zs.html,43802/Quantity of the features shown/CoT_fs.html,43802/design/pd_fs.html,43802/design/instruction.html,43802/design/pd_zs.html,43802/design/CoT_zs.html,43802/design/CoT_fs.html,46038/Correctness of the prototype and its features/pd_zs.html,46038/Correctness of the prototype and its features/CoT_fs.html,46038/Correctness of the prototype and its features/pd_fs.html,46038/Correctness of the prototype and its features/CoT_zs.html,46038/Correctness of the prototype and its features/instruction.html,46038/Quantity of the features shown/pd_zs.html,46038/Quantity of the features shown/CoT_fs.html,46038/Quantity of the features shown/pd_fs.html,46038/Quantity of the features shown/CoT_zs.html,46038/Quantity of the features shown/instruction.html,46038/design/pd_zs.html,46038/design/CoT_fs.html,46038/design/pd_fs.html,46038/design/CoT_zs.html,46038/design/instruction.html,49629/Correctness of the prototype and its features/CoT_fs.html,49629/Correctness of the prototype and its features/pd_zs.html,49629/Correctness of the prototype and its features/pd_fs.html,49629/Correctness of the prototype and its features/CoT_zs.html,49629/Correctness of the prototype and its features/instruction.html,49629/Quantity of the features shown/CoT_fs.html,49629/Quantity of the features shown/pd_zs.html,49629/Quantity of the features shown/pd_fs.html,49629/Quantity of the features shown/CoT_zs.html,49629/Quantity of the features shown/instruction.html,49629/design/CoT_fs.html,49629/design/pd_zs.html,49629/design/pd_fs.html,49629/design/CoT_zs.html,49629/design/instruction.html,53054/Correctness of the prototype and its features/pd_zs.html,53054/Correctness of the prototype and its features/CoT_fs.html,53054/Correctness of the prototype and its features/pd_fs.html,53054/Correctness of the prototype and its features/CoT_zs.html,53054/Correctness of the prototype and its features/instruction.html,53054/Quantity of the features shown/pd_zs.html,53054/Quantity of the features shown/CoT_fs.html,53054/Quantity of the features shown/pd_fs.html,53054/Quantity of the features shown/CoT_zs.html,53054/Quantity of the features shown/instruction.html,53054/design/pd_zs.html,53054/design/CoT_fs.html,53054/design/pd_fs.html,53054/design/CoT_zs.html,53054/design/instruction.html,56055/Correctness of the prototype and its features/CoT_fs.html,56055/Correctness of the prototype and its features/pd_zs.html,56055/Correctness of the prototype and its features/CoT_zs.html,56055/Correctness of the prototype and its features/pd_fs.html,56055/Correctness of the prototype and its features/instruction.html,56055/Quantity of the features shown/CoT_fs.html,56055/Quantity of the features shown/pd_zs.html,56055/Quantity of the features shown/CoT_zs.html,56055/Quantity of the features shown/pd_fs.html,56055/Quantity of the features shown/instruction.html,56055/design/CoT_fs.html,56055/design/pd_zs.html,56055/design/CoT_zs.html,56055/design/pd_fs.html,56055/design/instruction.html,56735/Correctness of the prototype and its features/pd_fs.html,56735/Correctness of the prototype and its features/CoT_fs.html,56735/Correctness of the prototype and its features/pd_zs.html,56735/Correctness of the prototype and its features/CoT_zs.html,56735/Correctness of the prototype and its features/instruction.html,56735/Quantity of the features shown/pd_fs.html,56735/Quantity of the features shown/CoT_fs.html,56735/Quantity of the features shown/pd_zs.html,56735/Quantity of the features shown/CoT_zs.html,56735/Quantity of the features shown/instruction.html,56735/design/pd_fs.html,56735/design/CoT_fs.html,56735/design/pd_zs.html,56735/design/CoT_zs.html,56735/design/instruction.html,61446/Correctness of the prototype and its features/pd_zs.html,61446/Correctness of the prototype and its features/CoT_fs.html,61446/Correctness of the prototype and its features/pd_fs.html,61446/Correctness of the prototype and its features/CoT_zs.html,61446/Correctness of the prototype and its features/instruction.html,61446/Quantity of the features shown/pd_zs.html,61446/Quantity of the features shown/CoT_fs.html,61446/Quantity of the features shown/pd_fs.html,61446/Quantity of the features shown/CoT_zs.html,61446/Quantity of the features shown/instruction.html,61446/design/pd_zs.html,61446/design/CoT_fs.html,61446/design/pd_fs.html,61446/design/CoT_zs.html,61446/design/instruction.html,69587/Correctness of the prototype and its features/instruction.html,69587/Correctness of the prototype and its features/pd_zs.html,69587/Correctness of the prototype and its features/CoT_zs.html,69587/Correctness of the prototype and its features/pd_fs.html,69587/Correctness of the prototype and its features/CoT_fs.html,69587/Quantity of the features shown/instruction.html,69587/Quantity of the features shown/pd_zs.html,69587/Quantity of the features shown/CoT_zs.html,69587/Quantity of the features shown/pd_fs.html,69587/Quantity of the features shown/CoT_fs.html,69587/design/instruction.html,69587/design/pd_zs.html,69587/design/CoT_zs.html,69587/design/pd_fs.html,69587/design/CoT_fs.html
Male,20-25,0-2,0-2,3.0,4.0,4.0,2.0,5.0,3.0,5.0,4.0,3.0,5.0,1.0,4.0,3.0,2.0,2.0,1.0,2.0,4.0,3.0,3.0,1.0,3.0,4.0,4.0,3.0,1.0,3.0,3.0,2.0,5.0,2.0,4.0,5.0,3.0,2.0,2.0,3.0,5.0,3.0,2.0,2.0,3.0,5.0,3.0,2.0,3.0,3.0,2.0,5.0,4.0,3.0,3.0,2.0,5.0,5.0,2.0,3.0,2.0,5.0,4.0,3.0,2.0,3.0,4.0,3.0,4.0,2.0,3.0,3.0,5.0,3.0,2.0,3.0,3.0,4.0,3.0,2.0,3.0,3.0,5.0,4.0,1.0,5.0,4.0,4.0,5.0,1.0,4.0,3.0,4.0,4.0,5.0,3.0,5.0,3.0,4.0,3.0,2.0,5.0,2.0,3.0,2.0,1.0,5.0,4.0,3.0,4.0,2.0,3.0,4.0,3.0,2.0,3.0,5.0,4.0,4.0,3.0,3.0,2.0,4.0,2.0,5.0,1.0,4.0,2.0,5.0,5.0,1.0,5.0,3.0,5.0,5.0,1.0,4.0,2.0,4.0,5.0,4.0,5.0,3.0,2.0,3.0,4.0,5.0,4.0,2.0,4.0,3.0,5.0,4.0,1.0,5.0,4.0,3.0,3.0,2.0,4.0,3.0,3.0,4.0,4.0,4.0,3.0,3.0,1.0,4.0,1.0,2.0,5.0,3.0,3.0,4.0,4.0,3.0,3.0,4.0,4.0,2.0,5.0,3.0,4.0,2.0,2.0,4.0,1.0,4.0,5.0,3.0,4.0,2.0,4.0,5.0,3.0,4.0,2.0,4.0,5.0,5.0,3.0,3.0,3.0,4.0,5.0,4.0,4.0,3.0,4.0,5.0,3.0,2.0,3.0,4.0,2.0,4.0,2.0,3.0,4.0,4.0,4.0,2.0,2.0,4.0,4.0,5.0,2.0,2.0,3.0,4.0,,,,,,,,,,,,,,,,,,,,,,,,,,,,,,,,,,,,,,,,,,,,,,,,,,,,,,,,,,,,,,,,,,,,,,,,,,,,,,,,,,,,,,,,,,,,,,,,,,,,,,,,,,,,,,,,,,,,,,,,,,,,,,,,,,,,,,,,,,,,,,,,,,,,,,,,,,,,,,,,,,,,,,,,,,,,,,,,,,,,,,,,,,,,,,,,,,,,,,,,,,,,,,,,,,,,,,,,,,,,,,,,,
Male,25-30,2-4,2-4,5.0,4.0,5.0,5.0,5.0,2.0,3.0,4.0,3.0,5.0,4.0,3.0,4.0,2.0,5.0,5.0,5.0,5.0,4.0,5.0,3.0,4.0,4.0,1.0,3.0,2.0,3.0,4.0,3.0,4.0,5.0,5.0,5.0,5.0,5.0,2.0,3.0,4.0,2.0,2.0,3.0,4.0,4.0,3.0,2.0,5.0,5.0,4.0,5.0,3.0,3.0,3.0,2.0,5.0,4.0,3.0,3.0,2.0,4.0,4.0,5.0,5.0,5.0,5.0,5.0,4.0,3.0,2.0,3.0,4.0,4.0,4.0,3.0,3.0,4.0,3.0,5.0,5.0,5.0,5.0,5.0,2.0,5.0,3.0,3.0,4.0,2.0,5.0,2.0,3.0,4.0,5.0,5.0,5.0,3.0,4.0,4.0,3.0,4.0,1.0,2.0,4.0,2.0,3.0,2.0,4.0,5.0,5.0,5.0,4.0,5.0,3.0,2.0,3.0,1.0,4.0,3.0,2.0,4.0,2.0,3.0,5.0,3.0,5.0,5.0,5.0,5.0,1.0,3.0,2.0,4.0,3.0,1.0,2.0,3.0,4.0,4.0,5.0,5.0,4.0,5.0,1.0,5.0,5.0,3.0,1.0,2.0,4.0,4.0,2.0,1.0,5.0,5.0,5.0,5.0,5.0,2.0,1.0,2.0,5.0,3.0,3.0,4.0,3.0,2.0,3.0,1.0,5.0,5.0,5.0,5.0,5.0,5.0,2.0,2.0,4.0,3.0,2.0,4.0,2.0,3.0,4.0,5.0,5.0,5.0,5.0,5.0,2.0,3.0,3.0,4.0,2.0,2.0,3.0,1.0,3.0,4.0,5.0,5.0,5.0,4.0,5.0,4.0,4.0,2.0,1.0,2.0,4.0,2.0,3.0,2.0,3.0,2.0,5.0,5.0,5.0,3.0,5.0,4.0,3.0,3.0,4.0,4.0,4.0,2.0,3.0,3.0,5.0,,,,,,,,,,,,,,,,,,,,,,,,,,,,,,,,,,,,,,,,,,,,,,,,,,,,,,,,,,,,,,,,,,,,,,,,,,,,,,,,,,,,,,,,,,,,,,,,,,,,,,,,,,,,,,,,,,,,,,,,,,,,,,,,,,,,,,,,,,,,,,,,,,,,,,,,,,,,,,,,,,,,,,,,,,,,,,,,,,,,,,,,,,,,,,,,,,,,,,,,,,,,,,,,,,,,,,,,,,,,,,,,,
Female,< 20,0-2,0-2,2.0,2.0,5.0,4.0,4.0,1.0,3.0,4.0,2.0,5.0,5.0,2.0,5.0,3.0,2.0,4.0,5.0,5.0,3.0,4.0,2.0,5.0,5.0,1.0,3.0,2.0,4.0,3.0,5.0,4.0,3.0,4.0,5.0,4.0,5.0,1.0,3.0,5.0,2.0,4.0,2.0,3.0,5.0,2.0,2.0,4.0,4.0,2.0,5.0,2.0,2.0,2.0,1.0,5.0,2.0,4.0,4.0,4.0,3.0,1.0,5.0,5.0,5.0,5.0,5.0,4.0,5.0,3.0,4.0,3.0,4.0,5.0,5.0,4.0,3.0,3.0,3.0,5.0,5.0,5.0,5.0,1.0,5.0,4.0,4.0,5.0,3.0,4.0,3.0,4.0,4.0,5.0,2.0,5.0,2.0,5.0,5.0,1.0,5.0,1.0,5.0,2.0,2.0,5.0,1.0,5.0,5.0,5.0,5.0,4.0,5.0,4.0,4.0,5.0,2.0,5.0,4.0,3.0,5.0,5.0,3.0,5.0,3.0,4.0,3.0,4.0,5.0,1.0,3.0,2.0,4.0,4.0,3.0,4.0,4.0,5.0,3.0,5.0,5.0,3.0,5.0,2.0,5.0,5.0,3.0,2.0,4.0,2.0,4.0,3.0,3.0,5.0,2.0,5.0,5.0,1.0,4.0,1.0,3.0,5.0,4.0,3.0,4.0,5.0,2.0,3.0,1.0,5.0,4.0,4.0,4.0,4.0,5.0,2.0,2.0,4.0,3.0,2.0,5.0,2.0,3.0,3.0,4.0,5.0,5.0,5.0,4.0,3.0,5.0,5.0,5.0,2.0,3.0,5.0,3.0,4.0,3.0,5.0,5.0,3.0,5.0,4.0,5.0,5.0,3.0,2.0,3.0,5.0,5.0,2.0,2.0,2.0,2.0,5.0,5.0,5.0,5.0,5.0,5.0,4.0,3.0,4.0,5.0,3.0,2.0,2.0,4.0,5.0,,,,,,,,,,,,,,,,,,,,,,,,,,,,,,,,,,,,,,,,,,,,,,,,,,,,,,,,,,,,,,,,,,,,,,,,,,,,,,,,,,,,,,,,,,,,,,,,,,,,,,,,,,,,,,,,,,,,,,,,,,,,,,,,,,,,,,,,,,,,,,,,,,,,,,,,,,,,,,,,,,,,,,,,,,,,,,,,,,,,,,,,,,,,,,,,,,,,,,,,,,,,,,,,,,,,,,,,,,,,,,,,,
Male,20-25,2-4,2-4,4.0,3.0,5.0,4.0,4.0,3.0,4.0,5.0,3.0,4.0,3.0,4.0,5.0,4.0,4.0,2.0,3.0,4.0,5.0,4.0,2.0,3.0,4.0,5.0,4.0,2.0,3.0,4.0,5.0,4.0,3.0,4.0,5.0,4.0,2.0,2.0,4.0,5.0,4.0,1.0,3.0,3.0,5.0,4.0,2.0,4.0,5.0,2.0,5.0,3.0,3.0,4.0,2.0,5.0,3.0,3.0,3.0,2.0,5.0,3.0,3.0,4.0,3.0,5.0,2.0,4.0,3.0,4.0,3.0,5.0,2.0,3.0,4.0,3.0,5.0,2.0,3.0,4.0,5.0,4.0,3.0,2.0,3.0,5.0,4.0,3.0,3.0,4.0,5.0,4.0,3.0,3.0,4.0,5.0,4.0,3.0,2.0,3.0,5.0,4.0,3.0,3.0,4.0,5.0,4.0,3.0,3.0,4.0,5.0,4.0,3.0,2.0,3.0,5.0,4.0,3.0,3.0,4.0,5.0,4.0,3.0,3.0,4.0,5.0,4.0,3.0,2.0,3.0,5.0,4.0,3.0,3.0,4.0,5.0,4.0,3.0,3.0,4.0,3.0,4.0,5.0,2.0,3.0,2.0,4.0,5.0,3.0,4.0,3.0,4.0,5.0,3.0,4.0,3.0,4.0,5.0,2.0,3.0,2.0,4.0,5.0,3.0,4.0,3.0,4.0,5.0,1.0,3.0,4.0,3.0,4.0,5.0,2.0,3.0,2.0,4.0,5.0,3.0,4.0,3.0,4.0,5.0,3.0,4.0,5.0,4.0,3.0,3.0,4.0,5.0,4.0,3.0,3.0,4.0,5.0,4.0,3.0,2.0,4.0,5.0,3.0,4.0,2.0,3.0,5.0,4.0,3.0,2.0,4.0,5.0,3.0,4.0,2.0,3.0,4.0,3.0,5.0,4.0,3.0,4.0,3.0,5.0,4.0,3.0,4.0,3.0,5.0,4.0,,,,,,,,,,,,,,,,,,,,,,,,,,,,,,,,,,,,,,,,,,,,,,,,,,,,,,,,,,,,,,,,,,,,,,,,,,,,,,,,,,,,,,,,,,,,,,,,,,,,,,,,,,,,,,,,,,,,,,,,,,,,,,,,,,,,,,,,,,,,,,,,,,,,,,,,,,,,,,,,,,,,,,,,,,,,,,,,,,,,,,,,,,,,,,,,,,,,,,,,,,,,,,,,,,,,,,,,,,,,,,,,,
Male,25-30,0-2,2-4,3.0,2.0,5.0,3.0,4.0,1.0,3.0,5.0,2.0,4.0,2.0,3.0,5.0,2.0,4.0,1.0,5.0,4.0,3.0,3.0,2.0,5.0,3.0,1.0,2.0,2.0,5.0,4.0,5.0,3.0,2.0,4.0,5.0,2.0,3.0,2.0,4.0,5.0,2.0,2.0,1.0,4.0,5.0,3.0,3.0,2.0,2.0,1.0,5.0,4.0,2.0,2.0,1.0,5.0,4.0,3.0,3.0,1.0,2.0,4.0,2.0,4.0,2.0,4.0,4.0,4.0,3.0,2.0,3.0,4.0,4.0,4.0,4.0,3.0,5.0,3.0,2.0,4.0,2.0,3.0,3.0,1.0,5.0,2.0,3.0,4.0,2.0,5.0,3.0,3.0,4.0,3.0,1.0,5.0,2.0,4.0,3.0,3.0,5.0,1.0,4.0,3.0,4.0,4.0,2.0,1.0,2.0,3.0,4.0,3.0,4.0,1.0,3.0,4.0,2.0,3.0,3.0,4.0,5.0,2.0,3.0,5.0,1.0,4.0,1.0,4.0,5.0,1.0,3.0,1.0,4.0,3.0,2.0,4.0,1.0,5.0,2.0,4.0,4.0,3.0,4.0,2.0,5.0,3.0,4.0,3.0,1.0,4.0,3.0,4.0,2.0,2.0,1.0,3.0,4.0,5.0,2.0,1.0,3.0,5.0,5.0,3.0,4.0,5.0,3.0,4.0,1.0,3.0,4.0,4.0,3.0,4.0,5.0,1.0,1.0,4.0,3.0,1.0,5.0,4.0,2.0,4.0,2.0,2.0,3.0,5.0,4.0,2.0,4.0,5.0,5.0,3.0,2.0,5.0,4.0,4.0,4.0,3.0,4.0,3.0,4.0,5.0,3.0,5.0,2.0,1.0,1.0,4.0,3.0,3.0,2.0,4.0,2.0,2.0,3.0,3.0,4.0,2.0,2.0,3.0,2.0,4.0,4.0,4.0,2.0,2.0,3.0,4.0,,,,,,,,,,,,,,,,,,,,,,,,,,,,,,,,,,,,,,,,,,,,,,,,,,,,,,,,,,,,,,,,,,,,,,,,,,,,,,,,,,,,,,,,,,,,,,,,,,,,,,,,,,,,,,,,,,,,,,,,,,,,,,,,,,,,,,,,,,,,,,,,,,,,,,,,,,,,,,,,,,,,,,,,,,,,,,,,,,,,,,,,,,,,,,,,,,,,,,,,,,,,,,,,,,,,,,,,,,,,,,,,,
Male,30-40,0-2,0-2,5.0,5.0,5.0,5.0,5.0,5.0,5.0,4.0,3.0,2.0,5.0,3.0,3.0,3.0,2.0,4.0,5.0,5.0,3.0,5.0,5.0,5.0,5.0,3.0,5.0,1.0,4.0,3.0,4.0,3.0,5.0,5.0,5.0,4.0,4.0,5.0,5.0,3.0,2.0,3.0,4.0,4.0,5.0,3.0,2.0,4.0,4.0,3.0,5.0,3.0,2.0,2.0,1.0,5.0,3.0,4.0,5.0,3.0,3.0,2.0,5.0,5.0,5.0,5.0,4.0,4.0,2.0,2.0,1.0,1.0,1.0,4.0,4.0,3.0,3.0,1.0,5.0,5.0,4.0,5.0,2.0,2.0,4.0,3.0,4.0,4.0,3.0,4.0,3.0,4.0,2.0,5.0,5.0,5.0,5.0,4.0,5.0,4.0,4.0,1.0,2.0,1.0,4.0,4.0,2.0,3.0,4.0,4.0,3.0,3.0,2.0,2.0,1.0,2.0,1.0,2.0,3.0,2.0,2.0,3.0,4.0,5.0,2.0,5.0,5.0,1.0,5.0,1.0,4.0,4.0,2.0,3.0,1.0,3.0,3.0,2.0,5.0,5.0,5.0,5.0,3.0,2.0,5.0,5.0,3.0,1.0,3.0,4.0,2.0,4.0,3.0,5.0,5.0,5.0,5.0,5.0,3.0,1.0,2.0,5.0,4.0,4.0,3.0,3.0,1.0,4.0,1.0,5.0,5.0,5.0,5.0,5.0,4.0,2.0,1.0,4.0,3.0,3.0,5.0,3.0,3.0,4.0,5.0,4.0,5.0,5.0,4.0,2.0,4.0,2.0,4.0,3.0,3.0,4.0,2.0,3.0,3.0,5.0,5.0,4.0,5.0,3.0,3.0,3.0,1.0,3.0,2.0,4.0,5.0,2.0,5.0,2.0,2.0,5.0,5.0,3.0,5.0,4.0,4.0,3.0,1.0,4.0,5.0,4.0,2.0,2.0,3.0,2.0,,,,,,,,,,,,,,,,,,,,,,,,,,,,,,,,,,,,,,,,,,,,,,,,,,,,,,,,,,,,,,,,,,,,,,,,,,,,,,,,,,,,,,,,,,,,,,,,,,,,,,,,,,,,,,,,,,,,,,,,,,,,,,,,,,,,,,,,,,,,,,,,,,,,,,,,,,,,,,,,,,,,,,,,,,,,,,,,,,,,,,,,,,,,,,,,,,,,,,,,,,,,,,,,,,,,,,,,,,,,,,,,,
Male,40-50,6-8,6-8,1.0,3.0,4.0,2.0,4.0,2.0,1.0,4.0,3.0,5.0,2.0,1.0,4.0,3.0,3.0,1.0,2.0,2.0,3.0,3.0,1.0,2.0,3.0,1.0,1.0,1.0,2.0,3.0,2.0,3.0,2.0,4.0,4.0,1.0,1.0,2.0,4.0,5.0,1.0,1.0,2.0,3.0,3.0,2.0,1.0,4.0,4.0,2.0,5.0,3.0,2.0,2.0,1.0,5.0,3.0,2.0,1.0,1.0,3.0,2.0,3.0,4.0,3.0,4.0,4.0,4.0,1.0,3.0,2.0,2.0,4.0,1.0,3.0,2.0,1.0,1.0,3.0,4.0,4.0,4.0,5.0,1.0,4.0,3.0,3.0,5.0,1.0,3.0,3.0,3.0,4.0,4.0,4.0,4.0,2.0,3.0,3.0,2.0,4.0,1.0,4.0,2.0,1.0,3.0,1.0,3.0,4.0,4.0,4.0,4.0,4.0,4.0,4.0,3.0,1.0,2.0,4.0,3.0,2.0,2.0,1.0,4.0,1.0,4.0,4.0,4.0,5.0,1.0,2.0,2.0,3.0,4.0,1.0,2.0,2.0,4.0,4.0,4.0,4.0,4.0,4.0,2.0,5.0,4.0,4.0,1.0,2.0,3.0,3.0,2.0,1.0,4.0,4.0,4.0,4.0,4.0,2.0,1.0,2.0,4.0,3.0,3.0,2.0,4.0,3.0,3.0,1.0,4.0,4.0,4.0,4.0,4.0,5.0,1.0,1.0,3.0,2.0,1.0,3.0,1.0,2.0,2.0,4.0,4.0,4.0,4.0,4.0,1.0,4.0,3.0,2.0,1.0,2.0,3.0,3.0,3.0,2.0,4.0,4.0,3.0,3.0,3.0,2.0,3.0,2.0,1.0,3.0,3.0,2.0,2.0,1.0,3.0,2.0,4.0,4.0,3.0,4.0,4.0,3.0,3.0,2.0,5.0,3.0,3.0,2.0,2.0,3.0,2.0,,,,,,,,,,,,,,,,,,,,,,,,,,,,,,,,,,,,,,,,,,,,,,,,,,,,,,,,,,,,,,,,,,,,,,,,,,,,,,,,,,,,,,,,,,,,,,,,,,,,,,,,,,,,,,,,,,,,,,,,,,,,,,,,,,,,,,,,,,,,,,,,,,,,,,,,,,,,,,,,,,,,,,,,,,,,,,,,,,,,,,,,,,,,,,,,,,,,,,,,,,,,,,,,,,,,,,,,,,,,,,,,,
Male,25-30,4-6,4-6,1.0,3.0,4.0,2.0,5.0,1.0,5.0,3.0,2.0,4.0,1.0,3.0,5.0,4.0,2.0,1.0,4.0,2.0,1.0,2.0,2.0,5.0,3.0,1.0,4.0,1.0,5.0,4.0,3.0,2.0,1.0,2.0,5.0,3.0,4.0,1.0,3.0,5.0,4.0,2.0,2.0,1.0,5.0,4.0,1.0,2.0,2.0,1.0,5.0,4.0,1.0,3.0,2.0,5.0,1.0,1.0,4.0,5.0,2.0,3.0,1.0,4.0,5.0,2.0,3.0,4.0,5.0,1.0,2.0,3.0,3.0,5.0,1.0,3.0,4.0,4.0,1.0,4.0,2.0,3.0,5.0,1.0,2.0,4.0,3.0,5.0,1.0,3.0,2.0,4.0,5.0,1.0,4.0,2.0,5.0,4.0,2.0,2.0,5.0,1.0,3.0,5.0,2.0,3.0,4.0,1.0,2.0,4.0,5.0,1.0,3.0,3.0,4.0,2.0,1.0,5.0,5.0,2.0,4.0,3.0,2.0,5.0,1.0,4.0,3.0,2.0,5.0,1.0,3.0,2.0,4.0,5.0,2.0,4.0,1.0,1.0,3.0,4.0,5.0,2.0,1.0,2.0,4.0,5.0,3.0,1.0,4.0,2.0,4.0,3.0,5.0,1.0,4.0,2.0,4.0,3.0,1.0,2.0,4.0,5.0,3.0,1.0,3.0,2.0,4.0,5.0,1.0,1.0,3.0,2.0,4.0,4.0,5.0,3.0,4.0,2.0,4.0,1.0,5.0,1.0,3.0,1.0,4.0,3.0,1.0,2.0,4.0,1.0,4.0,2.0,4.0,1.0,3.0,4.0,1.0,2.0,5.0,4.0,2.0,1.0,2.0,5.0,4.0,5.0,2.0,1.0,3.0,5.0,2.0,3.0,1.0,4.0,2.0,4.0,2.0,1.0,3.0,5.0,4.0,3.0,2.0,5.0,4.0,4.0,2.0,5.0,3.0,1.0,,,,,,,,,,,,,,,,,,,,,,,,,,,,,,,,,,,,,,,,,,,,,,,,,,,,,,,,,,,,,,,,,,,,,,,,,,,,,,,,,,,,,,,,,,,,,,,,,,,,,,,,,,,,,,,,,,,,,,,,,,,,,,,,,,,,,,,,,,,,,,,,,,,,,,,,,,,,,,,,,,,,,,,,,,,,,,,,,,,,,,,,,,,,,,,,,,,,,,,,,,,,,,,,,,,,,,,,,,,,,,,,,
Male,40-50,6-8,2-4,2.0,5.0,5.0,3.0,5.0,1.0,5.0,3.0,2.0,4.0,4.0,1.0,3.0,5.0,2.0,5.0,4.0,4.0,5.0,4.0,2.0,4.0,5.0,4.0,2.0,1.0,4.0,3.0,4.0,5.0,4.0,4.0,5.0,2.0,3.0,2.0,3.0,4.0,3.0,3.0,3.0,5.0,4.0,3.0,2.0,4.0,4.0,2.0,5.0,3.0,2.0,2.0,1.0,5.0,3.0,3.0,3.0,3.0,5.0,4.0,3.0,4.0,3.0,3.0,2.0,4.0,3.0,4.0,3.0,3.0,3.0,4.0,3.0,3.0,4.0,2.0,2.0,4.0,4.0,3.0,3.0,1.0,3.0,3.0,4.0,4.0,2.0,3.0,4.0,4.0,3.0,3.0,2.0,4.0,4.0,4.0,3.0,3.0,5.0,2.0,4.0,4.0,4.0,4.0,2.0,5.0,2.0,3.0,4.0,4.0,2.0,2.0,3.0,4.0,2.0,2.0,1.0,4.0,4.0,5.0,2.0,4.0,1.0,4.0,4.0,2.0,3.0,1.0,5.0,1.0,2.0,4.0,1.0,4.0,4.0,4.0,3.0,4.0,4.0,3.0,4.0,1.0,5.0,5.0,3.0,2.0,2.0,3.0,3.0,4.0,5.0,3.0,4.0,4.0,3.0,4.0,2.0,2.0,2.0,5.0,4.0,4.0,3.0,4.0,2.0,5.0,1.0,2.0,4.0,4.0,4.0,3.0,5.0,2.0,2.0,3.0,3.0,2.0,5.0,4.0,3.0,4.0,3.0,4.0,2.0,4.0,3.0,1.0,3.0,3.0,3.0,2.0,4.0,2.0,2.0,3.0,5.0,3.0,2.0,4.0,4.0,3.0,3.0,4.0,3.0,4.0,3.0,5.0,2.0,2.0,5.0,4.0,2.0,3.0,3.0,2.0,4.0,4.0,3.0,2.0,2.0,4.0,4.0,2.0,2.0,4.0,5.0,1.0,,,,,,,,,,,,,,,,,,,,,,,,,,,,,,,,,,,,,,,,,,,,,,,,,,,,,,,,,,,,,,,,,,,,,,,,,,,,,,,,,,,,,,,,,,,,,,,,,,,,,,,,,,,,,,,,,,,,,,,,,,,,,,,,,,,,,,,,,,,,,,,,,,,,,,,,,,,,,,,,,,,,,,,,,,,,,,,,,,,,,,,,,,,,,,,,,,,,,,,,,,,,,,,,,,,,,,,,,,,,,,,,,
Male,25-30,4-6,4-6,1.0,4.0,3.0,3.0,5.0,1.0,5.0,3.0,2.0,4.0,1.0,5.0,4.0,1.0,5.0,1.0,5.0,5.0,2.0,2.0,1.0,5.0,5.0,1.0,1.0,1.0,5.0,5.0,1.0,2.0,1.0,5.0,5.0,2.0,1.0,2.0,4.0,5.0,2.0,1.0,2.0,4.0,5.0,3.0,1.0,3.0,2.0,1.0,5.0,3.0,2.0,2.0,1.0,5.0,3.0,1.0,1.0,1.0,5.0,3.0,3.0,1.0,3.0,5.0,1.0,4.0,4.0,1.0,4.0,5.0,1.0,4.0,3.0,4.0,5.0,1.0,1.0,5.0,5.0,5.0,5.0,1.0,5.0,5.0,5.0,5.0,1.0,5.0,5.0,5.0,5.0,5.0,4.0,5.0,4.0,4.0,5.0,3.0,5.0,4.0,4.0,5.0,2.0,5.0,5.0,3.0,4.0,2.0,4.0,5.0,3.0,3.0,1.0,5.0,5.0,5.0,3.0,1.0,5.0,5.0,4.0,4.0,1.0,4.0,4.0,5.0,4.0,2.0,4.0,3.0,5.0,3.0,1.0,3.0,4.0,5.0,4.0,5.0,5.0,3.0,1.0,4.0,5.0,5.0,2.0,1.0,2.0,5.0,5.0,3.0,1.0,2.0,4.0,3.0,5.0,5.0,3.0,2.0,4.0,5.0,4.0,4.0,5.0,3.0,1.0,5.0,1.0,1.0,5.0,4.0,4.0,2.0,5.0,4.0,4.0,4.0,1.0,2.0,5.0,1.0,3.0,4.0,4.0,4.0,1.0,4.0,5.0,4.0,4.0,1.0,5.0,5.0,3.0,3.0,1.0,5.0,5.0,4.0,2.0,3.0,2.0,5.0,5.0,3.0,4.0,1.0,5.0,4.0,2.0,3.0,1.0,5.0,2.0,4.0,3.0,5.0,5.0,4.0,4.0,2.0,3.0,5.0,4.0,4.0,3.0,5.0,5.0,4.0,,,,,,,,,,,,,,,,,,,,,,,,,,,,,,,,,,,,,,,,,,,,,,,,,,,,,,,,,,,,,,,,,,,,,,,,,,,,,,,,,,,,,,,,,,,,,,,,,,,,,,,,,,,,,,,,,,,,,,,,,,,,,,,,,,,,,,,,,,,,,,,,,,,,,,,,,,,,,,,,,,,,,,,,,,,,,,,,,,,,,,,,,,,,,,,,,,,,,,,,,,,,,,,,,,,,,,,,,,,,,,,,,
Female,30-40,0-2,0-2,,,,,,,,,,,,,,,,,,,,,,,,,,,,,,,,,,,,,,,,,,,,,,,,,,,,,,,,,,,,,,,,,,,,,,,,,,,,,,,,,,,,,,,,,,,,,,,,,,,,,,,,,,,,,,,,,,,,,,,,,,,,,,,,,,,,,,,,,,,,,,,,,,,,,,,,,,,,,,,,,,,,,,,,,,,,,,,,,,,,,,,,,,,,,,,,,,,,,,,,,,,,,,,,,,,,,,,,,,,,,,,,,,,,,3.0,2.0,4.0,1.0,3.0,3.0,1.0,5.0,4.0,2.0,3.0,4.0,3.0,3.0,4.0,1.0,3.0,5.0,5.0,3.0,1.0,2.0,5.0,4.0,1.0,1.0,2.0,5.0,3.0,1.0,5.0,5.0,3.0,2.0,1.0,5.0,4.0,3.0,2.0,1.0,5.0,3.0,2.0,2.0,1.0,3.0,3.0,1.0,3.0,3.0,4.0,3.0,1.0,4.0,5.0,5.0,3.0,1.0,3.0,5.0,3.0,5.0,2.0,3.0,5.0,4.0,3.0,5.0,4.0,3.0,3.0,3.0,5.0,3.0,3.0,5.0,5.0,1.0,2.0,4.0,5.0,4.0,1.0,2.0,4.0,5.0,4.0,4.0,1.0,3.0,5.0,4.0,4.0,4.0,1.0,4.0,5.0,3.0,3.0,1.0,3.0,4.0,4.0,2.0,1.0,2.0,1.0,4.0,4.0,4.0,4.0,1.0,4.0,3.0,4.0,5.0,1.0,3.0,3.0,5.0,5.0,3.0,3.0,3.0,5.0,3.0,4.0,4.0,5.0,3.0,1.0,3.0,3.0,3.0,5.0,2.0,2.0,2.0,2.0,2.0,5.0,2.0,2.0,2.0,2.0,5.0,2.0,2.0,2.0,2.0,4.0,2.0,2.0,4.0,4.0,1.0,4.0,4.0,5.0,4.0,1.0,3.0,3.0,4.0,5.0,1.0,1.0,5.0,5.0,2.0,5.0,1.0,5.0,5.0,1.0,4.0,1.0,4.0,5.0,2.0,4.0,1.0,5.0,1.0,5.0,5.0,1.0,5.0,2.0,5.0,4.0,1.0,5.0,1.0,5.0,4.0,1.0,5.0,1.0,5.0,2.0,4.0,2.0,1.0,5.0,2.0,4.0,3.0,1.0,5.0,3.0,3.0,2.0,2.0,1.0,5.0,5.0,5.0,1.0,1.0,5.0,5.0,4.0,1.0,2.0
Male,20-25,0-2,0-2,,,,,,,,,,,,,,,,,,,,,,,,,,,,,,,,,,,,,,,,,,,,,,,,,,,,,,,,,,,,,,,,,,,,,,,,,,,,,,,,,,,,,,,,,,,,,,,,,,,,,,,,,,,,,,,,,,,,,,,,,,,,,,,,,,,,,,,,,,,,,,,,,,,,,,,,,,,,,,,,,,,,,,,,,,,,,,,,,,,,,,,,,,,,,,,,,,,,,,,,,,,,,,,,,,,,,,,,,,,,,,,,,,,,,5.0,5.0,5.0,5.0,5.0,5.0,4.0,3.0,4.0,3.0,3.0,5.0,4.0,4.0,3.0,5.0,5.0,5.0,5.0,5.0,2.0,4.0,4.0,4.0,4.0,4.0,5.0,5.0,5.0,3.0,5.0,5.0,5.0,5.0,5.0,5.0,4.0,3.0,4.0,2.0,3.0,3.0,3.0,3.0,4.0,5.0,5.0,5.0,5.0,5.0,4.0,3.0,3.0,4.0,5.0,3.0,3.0,3.0,4.0,5.0,5.0,5.0,5.0,5.0,5.0,4.0,3.0,1.0,4.0,3.0,3.0,5.0,3.0,3.0,3.0,4.0,5.0,5.0,5.0,5.0,5.0,4.0,2.0,2.0,4.0,5.0,4.0,4.0,4.0,4.0,5.0,5.0,5.0,5.0,5.0,5.0,5.0,4.0,4.0,2.0,3.0,4.0,4.0,3.0,5.0,3.0,5.0,4.0,5.0,5.0,5.0,4.0,2.0,3.0,3.0,4.0,3.0,5.0,3.0,4.0,4.0,5.0,5.0,5.0,5.0,5.0,5.0,3.0,4.0,4.0,2.0,5.0,3.0,4.0,4.0,2.0,5.0,5.0,5.0,5.0,5.0,4.0,4.0,3.0,2.0,1.0,5.0,4.0,3.0,4.0,1.0,5.0,5.0,5.0,5.0,5.0,4.0,2.0,4.0,5.0,3.0,4.0,4.0,3.0,3.0,3.0,1.0,5.0,2.0,5.0,5.0,5.0,4.0,2.0,4.0,5.0,4.0,3.0,3.0,4.0,3.0,4.0,5.0,5.0,5.0,5.0,5.0,5.0,2.0,4.0,3.0,2.0,4.0,5.0,3.0,4.0,3.0,3.0,5.0,5.0,5.0,5.0,4.0,3.0,4.0,3.0,4.0,3.0,1.0,5.0,4.0,4.0,2.0,5.0,5.0,5.0,5.0,5.0,1.0,2.0,4.0,4.0,3.0,2.0,3.0
Diverse,20-25,2-4,0-2,,,,,,,,,,,,,,,,,,,,,,,,,,,,,,,,,,,,,,,,,,,,,,,,,,,,,,,,,,,,,,,,,,,,,,,,,,,,,,,,,,,,,,,,,,,,,,,,,,,,,,,,,,,,,,,,,,,,,,,,,,,,,,,,,,,,,,,,,,,,,,,,,,,,,,,,,,,,,,,,,,,,,,,,,,,,,,,,,,,,,,,,,,,,,,,,,,,,,,,,,,,,,,,,,,,,,,,,,,,,,,,,,,,,,3.0,4.0,1.0,4.0,4.0,5.0,3.0,3.0,2.0,3.0,2.0,3.0,4.0,3.0,4.0,1.0,2.0,5.0,4.0,4.0,3.0,2.0,3.0,5.0,4.0,1.0,4.0,4.0,3.0,2.0,3.0,5.0,5.0,5.0,5.0,5.0,4.0,3.0,3.0,2.0,2.0,4.0,4.0,2.0,5.0,4.0,2.0,3.0,2.0,5.0,2.0,3.0,3.0,4.0,5.0,4.0,3.0,2.0,3.0,5.0,5.0,5.0,4.0,3.0,4.0,4.0,4.0,2.0,5.0,4.0,2.0,5.0,3.0,3.0,5.0,2.0,5.0,5.0,3.0,3.0,5.0,4.0,3.0,2.0,4.0,5.0,4.0,3.0,4.0,5.0,5.0,3.0,3.0,4.0,5.0,2.0,5.0,4.0,3.0,5.0,5.0,2.0,2.0,5.0,3.0,5.0,4.0,5.0,2.0,3.0,5.0,5.0,3.0,2.0,2.0,4.0,2.0,4.0,3.0,5.0,3.0,3.0,3.0,2.0,4.0,3.0,5.0,2.0,4.0,5.0,2.0,4.0,3.0,4.0,2.0,1.0,4.0,2.0,3.0,5.0,5.0,5.0,4.0,3.0,1.0,1.0,5.0,4.0,3.0,1.0,4.0,4.0,5.0,4.0,4.0,4.0,3.0,2.0,5.0,4.0,2.0,4.0,5.0,5.0,4.0,3.0,1.0,5.0,5.0,5.0,4.0,5.0,3.0,1.0,3.0,5.0,2.0,5.0,4.0,3.0,1.0,1.0,1.0,3.0,3.0,4.0,5.0,4.0,2.0,5.0,3.0,2.0,4.0,5.0,1.0,3.0,3.0,4.0,1.0,5.0,4.0,2.0,2.0,3.0,5.0,2.0,2.0,1.0,2.0,5.0,3.0,4.0,2.0,5.0,4.0,4.0,2.0,1.0,2.0,1.0,5.0,5.0,3.0,4.0,2.0
Male,20-25,0-2,0-2,,,,,,,,,,,,,,,,,,,,,,,,,,,,,,,,,,,,,,,,,,,,,,,,,,,,,,,,,,,,,,,,,,,,,,,,,,,,,,,,,,,,,,,,,,,,,,,,,,,,,,,,,,,,,,,,,,,,,,,,,,,,,,,,,,,,,,,,,,,,,,,,,,,,,,,,,,,,,,,,,,,,,,,,,,,,,,,,,,,,,,,,,,,,,,,,,,,,,,,,,,,,,,,,,,,,,,,,,,,,,,,,,,,,,3.0,4.0,5.0,3.0,3.0,4.0,5.0,3.0,4.0,1.0,3.0,4.0,5.0,4.0,5.0,1.0,3.0,3.0,5.0,3.0,1.0,2.0,4.0,4.0,2.0,2.0,3.0,5.0,3.0,2.0,5.0,4.0,4.0,4.0,4.0,5.0,4.0,2.0,3.0,1.0,4.0,1.0,5.0,2.0,3.0,5.0,4.0,3.0,4.0,4.0,5.0,2.0,1.0,3.0,4.0,5.0,3.0,1.0,2.0,4.0,5.0,2.0,4.0,4.0,3.0,4.0,5.0,1.0,4.0,3.0,2.0,4.0,3.0,2.0,5.0,1.0,3.0,1.0,2.0,4.0,5.0,4.0,1.0,2.0,3.0,5.0,4.0,1.0,3.0,4.0,5.0,2.0,4.0,5.0,4.0,3.0,4.0,2.0,5.0,1.0,3.0,1.0,3.0,4.0,5.0,3.0,4.0,4.0,3.0,2.0,5.0,3.0,4.0,2.0,1.0,5.0,1.0,4.0,3.0,5.0,4.0,4.0,3.0,4.0,3.0,3.0,5.0,4.0,1.0,3.0,3.0,3.0,2.0,5.0,2.0,2.0,3.0,4.0,5.0,4.0,2.0,4.0,2.0,5.0,3.0,1.0,3.0,2.0,5.0,4.0,4.0,4.0,5.0,3.0,3.0,1.0,4.0,5.0,2.0,3.0,1.0,3.0,4.0,4.0,5.0,4.0,1.0,5.0,2.0,3.0,4.0,3.0,4.0,1.0,3.0,5.0,2.0,2.0,4.0,3.0,2.0,3.0,3.0,4.0,5.0,3.0,1.0,3.0,4.0,5.0,2.0,1.0,2.0,5.0,1.0,3.0,4.0,4.0,4.0,4.0,4.0,5.0,3.0,5.0,3.0,3.0,4.0,3.0,2.0,5.0,4.0,5.0,2.0,3.0,4.0,4.0,4.0,5.0,1.0,2.0,5.0,3.0,4.0,4.0,3.0
Male,30-40,6-8,6-8,,,,,,,,,,,,,,,,,,,,,,,,,,,,,,,,,,,,,,,,,,,,,,,,,,,,,,,,,,,,,,,,,,,,,,,,,,,,,,,,,,,,,,,,,,,,,,,,,,,,,,,,,,,,,,,,,,,,,,,,,,,,,,,,,,,,,,,,,,,,,,,,,,,,,,,,,,,,,,,,,,,,,,,,,,,,,,,,,,,,,,,,,,,,,,,,,,,,,,,,,,,,,,,,,,,,,,,,,,,,,,,,,,,,,4.0,2.0,4.0,3.0,2.0,4.0,3.0,4.0,3.0,2.0,3.0,3.0,5.0,3.0,2.0,1.0,2.0,5.0,4.0,3.0,1.0,2.0,5.0,3.0,3.0,2.0,2.0,4.0,4.0,3.0,4.0,4.0,3.0,3.0,3.0,5.0,4.0,3.0,3.0,2.0,4.0,3.0,3.0,3.0,2.0,3.0,4.0,2.0,3.0,4.0,3.0,4.0,2.0,3.0,4.0,3.0,4.0,2.0,3.0,3.0,4.0,3.0,3.0,4.0,3.0,4.0,4.0,3.0,4.0,4.0,3.0,3.0,2.0,3.0,2.0,3.0,4.0,4.0,3.0,3.0,5.0,4.0,4.0,3.0,4.0,5.0,4.0,4.0,3.0,4.0,5.0,4.0,3.0,4.0,3.0,4.0,4.0,3.0,4.0,3.0,4.0,3.0,2.0,3.0,4.0,4.0,1.0,4.0,2.0,3.0,5.0,3.0,4.0,3.0,4.0,4.0,3.0,4.0,2.0,4.0,4.0,4.0,3.0,3.0,5.0,4.0,4.0,3.0,3.0,5.0,3.0,4.0,3.0,3.0,4.0,2.0,3.0,4.0,4.0,3.0,2.0,3.0,4.0,4.0,3.0,2.0,3.0,4.0,4.0,4.0,3.0,2.0,4.0,4.0,3.0,4.0,2.0,5.0,4.0,3.0,3.0,2.0,4.0,3.0,3.0,4.0,1.0,5.0,4.0,4.0,5.0,2.0,5.0,3.0,4.0,5.0,2.0,5.0,3.0,4.0,4.0,2.0,4.0,3.0,4.0,3.0,4.0,5.0,3.0,5.0,2.0,3.0,4.0,3.0,4.0,3.0,3.0,4.0,4.0,4.0,3.0,3.0,4.0,4.0,5.0,4.0,3.0,3.0,4.0,4.0,2.0,3.0,2.0,4.0,4.0,2.0,4.0,4.0,4.0,3.0,2.0,4.0,4.0,4.0,3.0
Male,30-40,8-10,4-6,,,,,,,,,,,,,,,,,,,,,,,,,,,,,,,,,,,,,,,,,,,,,,,,,,,,,,,,,,,,,,,,,,,,,,,,,,,,,,,,,,,,,,,,,,,,,,,,,,,,,,,,,,,,,,,,,,,,,,,,,,,,,,,,,,,,,,,,,,,,,,,,,,,,,,,,,,,,,,,,,,,,,,,,,,,,,,,,,,,,,,,,,,,,,,,,,,,,,,,,,,,,,,,,,,,,,,,,,,,,,,,,,,,,,5.0,4.0,3.0,3.0,4.0,5.0,3.0,1.0,2.0,3.0,3.0,3.0,3.0,2.0,4.0,2.0,5.0,5.0,5.0,5.0,3.0,3.0,3.0,4.0,4.0,3.0,3.0,4.0,4.0,2.0,5.0,4.0,4.0,4.0,2.0,5.0,4.0,3.0,3.0,1.0,4.0,4.0,3.0,3.0,3.0,2.0,5.0,5.0,5.0,5.0,2.0,4.0,3.0,4.0,5.0,3.0,3.0,2.0,3.0,5.0,5.0,4.0,5.0,5.0,4.0,4.0,5.0,2.0,4.0,3.0,2.0,5.0,3.0,4.0,4.0,3.0,4.0,3.0,2.0,4.0,5.0,4.0,2.0,2.0,4.0,5.0,5.0,4.0,4.0,4.0,4.0,5.0,4.0,5.0,4.0,5.0,3.0,4.0,5.0,3.0,4.0,4.0,4.0,3.0,3.0,3.0,3.0,4.0,3.0,4.0,4.0,3.0,2.0,3.0,5.0,4.0,2.0,4.0,3.0,4.0,5.0,5.0,3.0,4.0,4.0,3.0,5.0,2.0,3.0,5.0,1.0,5.0,3.0,3.0,3.0,1.0,5.0,5.0,5.0,5.0,4.0,5.0,4.0,4.0,3.0,1.0,5.0,3.0,5.0,4.0,2.0,5.0,4.0,5.0,5.0,4.0,4.0,3.0,5.0,5.0,2.0,3.0,3.0,5.0,5.0,2.0,1.0,4.0,3.0,5.0,5.0,4.0,4.0,2.0,4.0,5.0,3.0,3.0,4.0,3.0,3.0,3.0,5.0,3.0,4.0,4.0,4.0,5.0,3.0,5.0,3.0,2.0,5.0,4.0,3.0,4.0,2.0,3.0,4.0,5.0,4.0,5.0,2.0,3.0,5.0,4.0,4.0,4.0,3.0,5.0,3.0,4.0,2.0,4.0,3.0,5.0,5.0,4.0,2.0,3.0,5.0,5.0,3.0,3.0,3.0
Male,40-50,2-4,2-4,,,,,,,,,,,,,,,,,,,,,,,,,,,,,,,,,,,,,,,,,,,,,,,,,,,,,,,,,,,,,,,,,,,,,,,,,,,,,,,,,,,,,,,,,,,,,,,,,,,,,,,,,,,,,,,,,,,,,,,,,,,,,,,,,,,,,,,,,,,,,,,,,,,,,,,,,,,,,,,,,,,,,,,,,,,,,,,,,,,,,,,,,,,,,,,,,,,,,,,,,,,,,,,,,,,,,,,,,,,,,,,,,,,,,5.0,4.0,3.0,3.0,3.0,5.0,4.0,3.0,2.0,2.0,1.0,2.0,4.0,3.0,4.0,3.0,2.0,4.0,3.0,3.0,4.0,2.0,2.0,4.0,3.0,2.0,1.0,5.0,2.0,2.0,5.0,3.0,3.0,3.0,1.0,5.0,2.0,1.0,2.0,1.0,2.0,3.0,2.0,1.0,2.0,3.0,2.0,2.0,3.0,4.0,3.0,1.0,1.0,2.0,4.0,3.0,2.0,2.0,3.0,4.0,3.0,2.0,3.0,4.0,2.0,4.0,3.0,1.0,3.0,4.0,2.0,2.0,5.0,2.0,3.0,2.0,4.0,3.0,1.0,3.0,5.0,4.0,3.0,2.0,1.0,5.0,3.0,1.0,1.0,1.0,5.0,3.0,3.0,4.0,2.0,1.0,3.0,3.0,4.0,2.0,1.0,2.0,4.0,4.0,3.0,1.0,3.0,2.0,3.0,4.0,3.0,2.0,2.0,2.0,3.0,3.0,2.0,3.0,2.0,4.0,2.0,5.0,2.0,2.0,3.0,2.0,4.0,2.0,2.0,3.0,2.0,5.0,1.0,2.0,3.0,1.0,3.0,3.0,3.0,3.0,2.0,3.0,2.0,3.0,3.0,2.0,3.0,2.0,2.0,3.0,4.0,3.0,2.0,3.0,4.0,1.0,2.0,2.0,3.0,4.0,1.0,2.0,4.0,2.0,2.0,4.0,1.0,4.0,2.0,3.0,4.0,2.0,5.0,2.0,3.0,4.0,2.0,1.0,4.0,2.0,3.0,2.0,5.0,2.0,3.0,2.0,1.0,5.0,2.0,3.0,2.0,1.0,4.0,3.0,1.0,3.0,2.0,2.0,1.0,5.0,2.0,2.0,3.0,1.0,5.0,2.0,2.0,1.0,1.0,5.0,3.0,3.0,2.0,2.0,3.0,3.0,3.0,3.0,2.0,3.0,3.0,3.0,3.0,4.0,2.0
Male,25-30,2-4,4-6,,,,,,,,,,,,,,,,,,,,,,,,,,,,,,,,,,,,,,,,,,,,,,,,,,,,,,,,,,,,,,,,,,,,,,,,,,,,,,,,,,,,,,,,,,,,,,,,,,,,,,,,,,,,,,,,,,,,,,,,,,,,,,,,,,,,,,,,,,,,,,,,,,,,,,,,,,,,,,,,,,,,,,,,,,,,,,,,,,,,,,,,,,,,,,,,,,,,,,,,,,,,,,,,,,,,,,,,,,,,,,,,,,,,,1.0,2.0,4.0,5.0,3.0,3.0,1.0,4.0,5.0,2.0,1.0,2.0,4.0,5.0,3.0,1.0,5.0,3.0,4.0,2.0,2.0,3.0,5.0,4.0,1.0,1.0,3.0,5.0,4.0,2.0,1.0,3.0,5.0,2.0,4.0,4.0,5.0,3.0,2.0,1.0,2.0,3.0,4.0,1.0,5.0,3.0,5.0,2.0,4.0,1.0,5.0,2.0,1.0,3.0,4.0,4.0,3.0,2.0,5.0,1.0,5.0,4.0,3.0,1.0,2.0,4.0,5.0,3.0,4.0,2.0,1.0,2.0,3.0,1.0,4.0,5.0,4.0,2.0,2.0,3.0,5.0,4.0,2.0,1.0,3.0,5.0,3.0,1.0,2.0,4.0,5.0,1.0,3.0,5.0,4.0,2.0,3.0,5.0,4.0,1.0,2.0,3.0,4.0,5.0,1.0,2.0,2.0,1.0,3.0,4.0,5.0,3.0,2.0,1.0,5.0,4.0,2.0,1.0,3.0,5.0,4.0,4.0,2.0,1.0,3.0,5.0,4.0,5.0,2.0,3.0,1.0,5.0,2.0,4.0,3.0,1.0,2.0,5.0,4.0,1.0,3.0,3.0,5.0,4.0,2.0,1.0,1.0,5.0,2.0,3.0,4.0,2.0,3.0,4.0,5.0,1.0,2.0,3.0,4.0,5.0,1.0,1.0,5.0,2.0,3.0,4.0,1.0,4.0,1.0,3.0,5.0,2.0,4.0,2.0,1.0,2.0,3.0,4.0,1.0,2.0,3.0,5.0,4.0,1.0,3.0,2.0,5.0,4.0,2.0,5.0,3.0,2.0,4.0,3.0,2.0,1.0,5.0,3.0,5.0,4.0,1.0,2.0,1.0,5.0,4.0,3.0,2.0,5.0,1.0,4.0,2.0,3.0,2.0,3.0,1.0,2.0,5.0,4.0,1.0,2.0,4.0,5.0,3.0,3.0,1.0
Male,25-30,0-2,0-2,,,,,,,,,,,,,,,,,,,,,,,,,,,,,,,,,,,,,,,,,,,,,,,,,,,,,,,,,,,,,,,,,,,,,,,,,,,,,,,,,,,,,,,,,,,,,,,,,,,,,,,,,,,,,,,,,,,,,,,,,,,,,,,,,,,,,,,,,,,,,,,,,,,,,,,,,,,,,,,,,,,,,,,,,,,,,,,,,,,,,,,,,,,,,,,,,,,,,,,,,,,,,,,,,,,,,,,,,,,,,,,,,,,,,5.0,5.0,5.0,5.0,5.0,5.0,2.0,5.0,4.0,3.0,5.0,2.0,4.0,4.0,2.0,2.0,5.0,5.0,5.0,5.0,1.0,3.0,4.0,4.0,4.0,1.0,3.0,5.0,4.0,3.0,5.0,5.0,5.0,5.0,5.0,5.0,5.0,3.0,4.0,3.0,5.0,4.0,3.0,3.0,3.0,5.0,5.0,5.0,5.0,5.0,4.0,5.0,3.0,3.0,3.0,4.0,5.0,3.0,3.0,4.0,5.0,5.0,5.0,5.0,5.0,4.0,5.0,3.0,5.0,5.0,3.0,5.0,4.0,5.0,5.0,4.0,5.0,5.0,5.0,5.0,5.0,4.0,4.0,3.0,3.0,4.0,5.0,4.0,3.0,3.0,4.0,5.0,5.0,5.0,5.0,5.0,5.0,4.0,5.0,2.0,4.0,5.0,4.0,5.0,2.0,4.0,5.0,4.0,5.0,4.0,5.0,4.0,5.0,4.0,5.0,4.0,4.0,5.0,4.0,5.0,5.0,5.0,5.0,5.0,5.0,5.0,5.0,5.0,5.0,4.0,4.0,5.0,5.0,5.0,5.0,4.0,4.0,4.0,4.0,4.0,4.0,3.0,3.0,3.0,3.0,3.0,4.0,4.0,4.0,4.0,5.0,5.0,5.0,5.0,5.0,5.0,5.0,4.0,5.0,4.0,5.0,5.0,3.0,3.0,3.0,3.0,1.0,5.0,5.0,5.0,5.0,4.0,5.0,3.0,5.0,3.0,2.0,5.0,4.0,5.0,3.0,2.0,4.0,4.0,5.0,5.0,4.0,5.0,4.0,5.0,3.0,3.0,5.0,3.0,5.0,3.0,3.0,5.0,5.0,5.0,5.0,5.0,5.0,4.0,4.0,4.0,5.0,5.0,2.0,4.0,4.0,4.0,2.0,5.0,5.0,5.0,5.0,5.0,5.0,4.0,4.0,5.0,5.0,3.0,4.0
Female,30-40,8-10,8-10,,,,,,,,,,,,,,,,,,,,,,,,,,,,,,,,,,,,,,,,,,,,,,,,,,,,,,,,,,,,,,,,,,,,,,,,,,,,,,,,,,,,,,,,,,,,,,,,,,,,,,,,,,,,,,,,,,,,,,,,,,,,,,,,,,,,,,,,,,,,,,,,,,,,,,,,,,,,,,,,,,,,,,,,,,,,,,,,,,,,,,,,,,,,,,,,,,,,,,,,,,,,,,,,,,,,,,,,,,,,,,,,,,,,,5.0,4.0,4.0,4.0,3.0,5.0,4.0,4.0,3.0,1.0,5.0,3.0,4.0,4.0,2.0,3.0,4.0,5.0,5.0,5.0,1.0,2.0,5.0,5.0,4.0,4.0,4.0,5.0,4.0,4.0,5.0,5.0,4.0,4.0,2.0,5.0,4.0,3.0,3.0,1.0,5.0,4.0,3.0,3.0,3.0,4.0,5.0,5.0,5.0,5.0,4.0,3.0,3.0,4.0,5.0,4.0,4.0,4.0,3.0,5.0,5.0,4.0,5.0,5.0,5.0,5.0,4.0,4.0,5.0,4.0,4.0,3.0,3.0,4.0,2.0,2.0,5.0,5.0,3.0,4.0,5.0,4.0,4.0,3.0,4.0,5.0,3.0,3.0,3.0,4.0,5.0,5.0,5.0,5.0,4.0,4.0,5.0,4.0,5.0,3.0,2.0,5.0,4.0,3.0,3.0,3.0,4.0,5.0,3.0,5.0,5.0,3.0,5.0,3.0,4.0,5.0,1.0,5.0,3.0,5.0,4.0,5.0,5.0,4.0,5.0,5.0,4.0,4.0,2.0,5.0,5.0,5.0,3.0,3.0,4.0,1.0,5.0,5.0,5.0,5.0,5.0,5.0,4.0,3.0,3.0,2.0,5.0,2.0,5.0,4.0,2.0,4.0,5.0,4.0,5.0,5.0,4.0,5.0,3.0,4.0,2.0,2.0,5.0,2.0,5.0,2.0,2.0,4.0,5.0,5.0,5.0,5.0,4.0,2.0,5.0,5.0,2.0,3.0,5.0,4.0,1.0,2.0,1.0,4.0,3.0,4.0,5.0,5.0,4.0,5.0,4.0,5.0,4.0,3.0,2.0,3.0,5.0,1.0,4.0,5.0,2.0,4.0,2.0,2.0,5.0,2.0,4.0,2.0,1.0,5.0,3.0,5.0,2.0,4.0,4.0,5.0,4.0,4.0,1.0,1.0,5.0,4.0,3.0,2.0,1.0
